FirstName,LastNamex,Company,Address,City,State,Country,PostCode,Phone,Fax,Email,SupportRepId
Clare,Bernier,"Borer, Kemmer and Tremblay",728 Presley Landing,East Rose,Illinois,Moldova,37351,447-200-4021 x57425,,Jeremy48@hotmail.com,5
Marina,Gleason,Powlowski Inc,00812 Carrie Shoal,Ritchiehaven,Nebraska,Czech Republic,51927,1-433-897-2221 x297,,Kaleigh13@yahoo.com,8
Keyshawn,Barrows,Zemlak - Nikolaus,53443 O'Hara Circles,Midland,Minnesota,France,47762-8831,(431) 285-3095 x9912,,Elyse.VonRueden39@hotmail.com,2
Lukas,Jakubowski,Ernser - Dickinson,30587 Lindgren Plaza,Oraburgh,Mississippi,Bahrain,52856-4260,(753) 250-3819 x89111,,Katrine51@gmail.com,8
Aryanna,Stokes,Aufderhar - Beatty,9412 Legros Shoal,Port Reannaton,Nevada,Rwanda,54259,(875) 382-1471,,Emmy_Kunde@hotmail.com,5
Jayme,Stokes,"Douglas, Wintheiser and Denesik",023 Morar Street,Lake Morton,Minnesota,Suriname,84412-1703,902-809-1234,,Wilfrid_Kulas@yahoo.com,8
Chesley,Stamm,"Legros, Buckridge and Johnson",5051 Daisha Green,Rowenaside,New York,Montenegro,20552-5310,385.659.0649 x0529,,Magdalena_Runolfsson@gmail.com,5
Lillian,West,Homenick and Sons,021 Lyda Loaf,New Heaven,Missouri,Serbia,01661,(275) 744-3611 x46462,,Garret64@yahoo.com,5
Amie,Hansen,Johnson - Tillman,318 Keeling Lodge,Dundalk,Florida,Bolivia,84878,(560) 518-7928,,Elwyn_Hegmann5@yahoo.com,2
Gerda,Kilback,"Stracke, Wilkinson and Orn",54728 Schimmel Ramp,South Beauton,Arkansas,Micronesia,77506,589.775.6442 x94605,,Sandra.Maggio84@yahoo.com,5
River,O'Kon,"Jacobson, Armstrong and Schroeder",97319 Ruecker Plains,Shreveport,Georgia,Tunisia,00212-7802,824.551.4175 x762,,Arnoldo.Legros40@yahoo.com,4
Macey,Feest,Emard Inc,09113 Terry Flats,Daytona Beach,Connecticut,Malta,41855-4033,222-697-3013 x48809,,Mariam_Gleichner28@yahoo.com,5
Geovanni,Dicki,Gibson and Sons,8160 Labadie Haven,Fritschbury,North Carolina,Moldova,46088,1-890-744-2158 x139,,Kiera_Hammes89@yahoo.com,7
Furman,Rogahn,Powlowski - Herzog,0929 Unique Crossroad,Runolfssonview,Oregon,Marshall Islands,36387,623-807-7235 x1161,,Noble_Kohler8@hotmail.com,5
Tiffany,Jacobson,West - Farrell,731 Blanda Trail,Liashire,Iowa,Saint Martin,22841-6155,(686) 938-4614 x40838,,,3
Amelie,Abbott,"Denesik, Emard and Hagenes",1192 Sheridan Lane,Schulistberg,Louisiana,Dominican Republic,15970,1-440-663-2301,,Jared58@gmail.com,8
Shania,Hamill,"Powlowski, Weissnat and Treutel",62158 Sipes Mills,Vonborough,Maine,Kyrgyz Republic,80476-8201,1-810-488-9228 x7517,,Roy_Heller@gmail.com,6
Karl,Gulgowski,Pollich - Paucek,223 Moses Path,Esperanzamouth,Illinois,Latvia,59314-5988,1-955-459-7971,,Derek95@hotmail.com,3
Katharina,Weissnat,"Weber, Carter and Yundt",71549 Jerome Lights,Grand Forks,Arkansas,Albania,78061,313.711.0209,,Cristina49@yahoo.com,3
Paige,Willms,Bergnaum - Lueilwitz,885 Zemlak Plaza,Janessaview,West Virginia,Tanzania,85665-6287,1-932-728-5010 x65991,,Christy85@yahoo.com,5
Leif,Collins,Schaden - Leffler,60656 Lehner Road,Lake Brionna,Arkansas,Sao Tome and Principe,35340-2701,(921) 829-7241,,Octavia.Huel@yahoo.com,2
Madelyn,Mosciski,Kiehn - Toy,3154 Reed Grove,El Cajon,Kentucky,Sri Lanka,28305,1-721-784-1209 x486,,Frederick56@gmail.com,1
Xavier,Rowe,Volkman - Johnston,78931 Toy Ferry,Edmond,Nebraska,Saint Barthelemy,23478-5657,230.255.1635 x9021,,Destiney_Schuster@hotmail.com,4
Kacey,Bogisich,"Murray, Morissette and Zieme",08946 Wisoky Tunnel,Citrus Heights,Kansas,Heard Island and McDonald Islands,62959-0318,(539) 598-1596 x3389,,Osbaldo59@hotmail.com,5
Tomasa,Ortiz,"Hackett, Walter and Legros",4544 Noah Gardens,Ryanburgh,Louisiana,Seychelles,21125,859-471-8203 x93125,,Mike.Tremblay@yahoo.com,6
Triston,Haley,Reynolds LLC,5792 Dooley Glen,New Diego,Oregon,Czech Republic,11485-9107,252-799-5774 x124,,Rosendo79@yahoo.com,7
Mollie,Kuhic,"Harvey, Friesen and Schaefer",2023 Steve Trail,New Giuseppe,Tennessee,Egypt,38360-4907,515-771-6914 x385,,Miracle21@gmail.com,7
Una,Veum,"Jacobs, Adams and Pacocha",7121 Jodie Canyon,West Marlene,Mississippi,Serbia,98260-9664,554.209.6264,,Georgette.Mertz@hotmail.com,1
Enos,Schmidt,Cremin - Kuhn,3629 Walter Road,Erikafort,Louisiana,Guinea-Bissau,01814-1488,1-651-337-9763,,Lisandro82@gmail.com,5
Tremaine,Altenwerth,"Rutherford, Streich and Russel",334 MacGyver Crescent,Judsonmouth,Massachusetts,Mauritania,34818,(912) 442-5035 x377,,Pierce.Ward@gmail.com,7
Agnes,Streich,Weimann - Williamson,056 Mohr Burgs,Independence,South Carolina,Hungary,89765,(412) 498-8963 x33170,,Kenna1@yahoo.com,1
Percival,Robel,Funk Group,7492 Aric Pine,Lake Katrineberg,Michigan,Belize,60015-0744,611-622-3703 x29791,,Ashley_Watsica@hotmail.com,6
Alisha,Funk,O'Reilly Group,9167 Freida Falls,Trujillo Alto,Wisconsin,Italy,56297,354-966-8704,,Elwyn_Kulas@hotmail.com,1
Jabari,Morar,Wuckert and Sons,7328 Nicolas Roads,Lindaborough,Massachusetts,Georgia,93834,(405) 695-7457,,Loyal11@gmail.com,8
Vern,Weissnat,Konopelski and Sons,629 Mikel Wells,North Brianmouth,California,Spain,65357-4994,309-837-9508,,Lynn_Franey21@hotmail.com,2
Helene,Smitham,Lockman - Cartwright,1652 Colleen Parkways,Dickinsonshire,Georgia,Romania,36545-7075,(584) 674-0306 x381,,Edwina_Raynor4@gmail.com,5
Keagan,Stoltenberg,"Barrows, Ortiz and Rowe",766 Kshlerin Course,Strackeborough,New Mexico,Bhutan,83055-1607,(908) 988-7515 x087,,Keith.Friesen44@yahoo.com,3
Fernando,Boehm,McDermott - Grimes,17717 Leffler Spur,South Keyonchester,Pennsylvania,Rwanda,23668,966-622-1776 x641,,Raphaelle_Bernhard3@yahoo.com,6
Ora,Considine,Wuckert Inc,6198 Bechtelar Streets,Morarhaven,Arizona,Cambodia,51924-8683,1-463-768-4610 x075,,Emma.Wunsch21@hotmail.com,8
Buford,Toy,Lehner Inc,434 Kendra Place,Lake Coltonchester,Indiana,United Kingdom,76797,759.420.1443 x9947,,Clovis78@yahoo.com,2
Fannie,Leuschke,Ryan - Ondricka,30339 Vince Crossing,East Blanche,California,Bouvet Island (Bouvetoya),87253,834.468.7226,,Oren_Cassin96@hotmail.com,5
Jared,Hermann,"Davis, Terry and Zemlak",24906 Kertzmann Grove,Akron,Massachusetts,Nauru,26392,1-285-299-6658 x87018,,Lucas12@gmail.com,1
Fred,Wisozk,Runolfsdottir - Rowe,52109 Velda Path,Armandochester,Delaware,Brunei Darussalam,99864,215.543.9096,,Eryn.Lang18@yahoo.com,2
Emmett,Hayes,Cummerata - Oberbrunner,31939 Fidel Overpass,Chloeville,Delaware,Ecuador,77536,325.644.6985 x9378,,Garrison_Towne37@gmail.com,2
Kaya,Daugherty,"Hagenes, Herman and Quigley",8476 Kiehn Tunnel,Spokane,Maine,American Samoa,33928-9770,(440) 436-5930 x63780,,Lenore46@gmail.com,2
Kim,Frami,Wilkinson - Beatty,232 Stoltenberg Orchard,Noraton,New Jersey,Lebanon,93833,360.509.4594,,Sage_Leffler23@yahoo.com,1
Daphney,Olson,"Hartmann, Weber and Rippin",28550 Ferry Field,Reingermouth,West Virginia,South Africa,76744-6617,1-245-299-5578,,Madisyn.Becker@yahoo.com,7
Hazel,Fay,"Marquardt, Reynolds and Barton",7040 MacGyver Keys,Kathleenview,Idaho,Gambia,22488-1280,489.686.6776,,Jesse_Yundt@hotmail.com,4
Nicholas,Ernser,Hansen LLC,08513 Jones Locks,Lilyanbury,Georgia,Jamaica,64388-3491,1-318-707-0162,,Kolby10@gmail.com,5
Rodger,DuBuque,Witting Inc,264 Unique Centers,Port Marianeburgh,Nevada,Honduras,65623,404-205-3377,,Frieda56@yahoo.com,2
Cristian,Prohaska,"Wuckert, Prosacco and Crona",45080 Curtis Knolls,Halleberg,Louisiana,Seychelles,38232-5300,(386) 859-2803,,Linwood_Medhurst@yahoo.com,4
Zelda,Carroll,Emard and Sons,4871 Earl Squares,Lakinchester,Montana,Chile,95210,(283) 634-8619,,Barrett77@yahoo.com,6
Tomas,Blanda,"Tremblay, Bernier and Schowalter",997 Lehner Stream,Rosstown,North Carolina,Saint Vincent and the Grenadines,35883,1-407-836-8859 x683,,Emile_Haley@gmail.com,7
Emory,Schmeler,"Crona, Vandervort and Davis",85728 Schinner Dam,Wittingfurt,Delaware,Argentina,22366-1410,208-634-4311,,Camren.Zulauf@yahoo.com,7
Graham,Ernser,Monahan - Windler,687 Donavon Stream,Geovannyfurt,Missouri,French Southern Territories,34385,431.241.5297,,Lelia_Runolfsdottir@yahoo.com,5
Bernita,Kertzmann,"McCullough, Ratke and Sawayn",26514 Breitenberg Run,Hackensack,Maryland,Suriname,61632-3757,269-271-7286 x7578,,Garrison97@yahoo.com,2
Juston,Ledner,"Lehner, Brakus and O'Connell",854 Kaela Loaf,Appleton,Texas,El Salvador,53656-7097,802.789.5529,,Jeffry_Mante54@yahoo.com,6
Malachi,Hilll,Gibson LLC,034 Sebastian Expressway,Bethlehem,New Hampshire,Saint Lucia,86753-8730,1-530-648-5099 x379,,Alden_Kub3@yahoo.com,7
Eriberto,Schamberger,Dibbert - Conroy,808 Shanie Station,McKenziestad,Nebraska,Marshall Islands,90430-3728,(917) 854-6131 x917,,Arturo.Klocko@gmail.com,2
Maida,Nienow,Buckridge and Sons,44276 Kling Fort,Alyssonstad,Iowa,Burundi,86120-0008,886.524.8932 x927,,Willard86@hotmail.com,7
Grant,Wuckert,Koepp LLC,36011 Kuhlman Skyway,Nonaside,Texas,Kiribati,38865,(729) 964-7884 x193,,Jaycee.Grady5@hotmail.com,6
Dulce,Hudson,"Rodriguez, Hessel and Abbott",744 Oma Knolls,Dickiview,Colorado,Gambia,18688,256.364.8885,,Davonte28@gmail.com,4
Carter,Wintheiser,Hackett LLC,13564 Jazmyn Bridge,New Chesley,Alaska,Nigeria,97614-6929,(735) 438-2071 x6142,,Clementine96@gmail.com,8
Zoey,Macejkovic,"Armstrong, Doyle and VonRueden",7171 Raynor Port,Antoneborough,Nevada,Denmark,13804-6147,731.639.5175 x844,,Charley_Quitzon@yahoo.com,7
Monserrat,Witting,Bernhard - Considine,96876 Arielle Light,Dereckmouth,Wisconsin,Holy See (Vatican City State),28672-5276,883.571.3942 x3713,,Cyrus_Watsica25@yahoo.com,6
Kirstin,Bauch,Kessler Inc,890 Jakubowski Manor,Lake Celestino,Georgia,Sudan,49968,1-268-321-9221,,Mariano61@gmail.com,3
Marcus,Hane,Schumm LLC,9535 Homenick Vista,Normahaven,Kansas,France,88304-2381,(837) 605-6909 x02755,,Theodora37@yahoo.com,2
Jazmin,Abernathy,"Carter, Osinski and Nader",15077 Tamia Forks,Clementinaton,New York,Mozambique,43532-4165,1-563-542-0480,,Billy.Veum53@yahoo.com,7
Rozella,Walsh,Buckridge - Brakus,089 Marcelino Centers,Freeport,Arizona,Tokelau,86670-8651,649-933-7618 x53706,,Silas79@gmail.com,2
Jaleel,Kulas,Prosacco - Balistreri,086 Jaeden Circle,Bashirianburgh,Utah,Czech Republic,23720,1-458-656-3764 x5675,,Hoyt44@gmail.com,6
Moses,Hilpert,Becker - Balistreri,141 Ebba Underpass,Midland,Connecticut,Paraguay,11662-6121,288-955-7354 x4905,,,8
Rosanna,Koepp,"Hudson, Quitzon and Russel",61531 Marty Gardens,New Junius,Illinois,Burundi,52397-3332,1-411-525-4657,,Lelah12@gmail.com,1
Evie,Rippin,Douglas LLC,3013 Dallin Common,Nienowmouth,Delaware,Suriname,79372-9674,400.924.6981,,Magdalen.Witting@gmail.com,2
Leone,Keebler,"Torphy, Grant and White",65868 Max Trafficway,New Mozelleburgh,New Hampshire,India,81413,857.484.6582,,Delphia.Yost17@yahoo.com,1
Marion,Auer,"Adams, Keeling and Schmeler",235 Lionel Stream,Tuscaloosa,Missouri,Belgium,22768-7776,1-544-776-7455,,Zackery_Mohr@hotmail.com,7
Eddie,Schroeder,Trantow - Hammes,516 Faustino Mountain,Laurieborough,Arizona,Lebanon,88804-2485,253-513-1658,,Elinor_Schimmel90@hotmail.com,8
Oral,Stoltenberg,"Grant, Kuhlman and Medhurst",7508 Cindy Lights,Jastview,Ohio,Botswana,36696,1-243-859-0914 x019,,,2
Alford,Brown,"Zboncak, Kuvalis and Mueller",06620 Herman Forge,South Gabe,Wyoming,Malaysia,17902,(524) 597-7898 x19251,,Damian26@gmail.com,4
Maiya,Grant,Marvin - Rolfson,8119 Jay Canyon,Columbia,Montana,Greece,46242-8232,432.244.8271,,Laney14@yahoo.com,1
Roberta,Jast,Kuhic Inc,50255 Nya Mountain,South Bonnieberg,Washington,Dominican Republic,68697-2767,810-497-9639 x058,,Donato_Wunsch@yahoo.com,1
Tatyana,Leuschke,Hegmann and Sons,31335 Sipes Isle,North Kenyaview,Virginia,Guinea,31460,374.535.1684,,Leopoldo.Kerluke@hotmail.com,6
Ana,Emard,"Schmidt, Larson and Lind",06470 Josefina Crest,Bergnaumchester,Missouri,Malta,05870-7812,230-766-3369 x3443,,Orval36@hotmail.com,3
Giovanna,Gottlieb,"Zulauf, Donnelly and Zieme",727 Madonna Radial,Lake Carson,Oregon,Saudi Arabia,55544,639-284-8622,,Xander.Nader@hotmail.com,1
Manuel,Hoppe,"Hessel, Prosacco and Balistreri",93113 Ellis Freeway,Port Velvafurt,North Carolina,Tokelau,90915-8578,362.605.9571 x546,,Rebecca.Marvin@yahoo.com,3
Alfonzo,VonRueden,"Kris, Hyatt and Senger",38487 Diego Stravenue,Whittier,Wyoming,Norway,09473-4966,(478) 608-2932 x31788,,Asa_Strosin@gmail.com,8
Yesenia,Howe,Huels and Sons,72873 Auer Isle,East Hoyt,West Virginia,Libyan Arab Jamahiriya,42378,(530) 420-2050,,Berry10@hotmail.com,8
Lucas,Franey,"Marvin, Strosin and Koelpin",0558 Hills Vista,Maryamport,Montana,Saint Barthelemy,18426-9663,356-388-4184 x8335,,Hillary.Zulauf40@yahoo.com,2
Isabella,Hermiston,Rodriguez - Douglas,1426 Hamill Field,Montebello,Idaho,Burkina Faso,21354,(800) 417-3313,,Jose89@hotmail.com,2
Emily,Oberbrunner,"Waters, Huels and Crooks",9612 Shane Roads,Rock Hill,Oregon,Saint Vincent and the Grenadines,82719-9378,317-606-8413,,Joey93@yahoo.com,4
Abigail,Vandervort,Streich - Botsford,75758 Gusikowski Tunnel,East Adolphusland,Wisconsin,Norfolk Island,63547-1708,437.584.3710,,Leone91@hotmail.com,5
Samantha,Lindgren,"Klocko, Dickinson and Kunde",401 Amalia Locks,West Caroline,Montana,Slovakia (Slovak Republic),94030,644-234-6292,,Vivienne.Ledner@gmail.com,5
Morton,Schinner,"Will, Schmitt and Hodkiewicz",74712 Verdie Spurs,Baileyborough,Missouri,Solomon Islands,05535-4965,696-733-6834 x9160,,Ariel_Douglas@yahoo.com,5
Israel,Bergstrom,"Dach, Bailey and Jones",5247 Strosin Pine,Plainfield,Ohio,Lao People's Democratic Republic,07802-1050,881-580-9465,,Freida.Bradtke4@gmail.com,5
Autumn,Goodwin,"Pacocha, West and Muller",782 Nels Way,West Jasper,Vermont,Kenya,71620,(746) 557-5771,,Ronaldo.Jaskolski33@yahoo.com,8
Christop,Hudson,Altenwerth Inc,6638 Armand Brooks,Gutmannland,New York,Monaco,31064-2570,285.646.4839,,Stephan46@hotmail.com,3
Shaylee,Bode,"Rutherford, Sawayn and Connelly",28725 Tyson Junction,Lolitafort,Alabama,Tunisia,25048-6660,1-313-280-5674 x2318,,Merritt_Treutel49@hotmail.com,3
Abraham,D'Amore,Schaefer - Zieme,969 Sarah Burgs,West Jaclynstad,Nebraska,Bahrain,68067-0166,929-776-6088 x210,,Blanche.Auer@hotmail.com,2
Abbie,Koelpin,Wehner and Sons,07906 Torp Extensions,East Omariburgh,Kentucky,Tunisia,06720,(293) 385-8816,,Ellen_Walker@yahoo.com,3
Reba,Dicki,Frami - Reilly,477 Doyle View,Hartford,Massachusetts,Turkey,27936,968-991-2517 x90763,,Hobart_Wuckert14@gmail.com,5
Parker,Conn,Walker - Dickens,206 Marianne Summit,New Lisamouth,Wyoming,Pakistan,36442,914.773.4942 x15779,,Josefa.Nicolas79@hotmail.com,6